<?xml version="1.0" encoding="UTF-8"?>
<project name="module_applicationips" default="compile.module.applicationips">
  <dirname property="module.applicationips.basedir" file="${ant.file.module_applicationips}"/>
  
  <property name="module.jdk.home.applicationips" value="${project.jdk.home}"/>
  <property name="module.jdk.bin.applicationips" value="${project.jdk.bin}"/>
  <property name="module.jdk.classpath.applicationips" value="${project.jdk.classpath}"/>
  
  <property name="compiler.args.applicationips" value="-encoding UTF-8 -source 7 -target 1.7 ${compiler.args}"/>
  
  <property name="applicationips.output.dir" value="${module.applicationips.basedir}/target/classes"/>
  <property name="applicationips.testoutput.dir" value="${module.applicationips.basedir}/target/test-classes"/>
  
  <path id="applicationips.module.bootclasspath">
    <!-- Paths to be included in compilation bootclasspath -->
  </path>
  
  <path id="applicationips.module.production.classpath">
    <path refid="${module.jdk.classpath.applicationips}"/>
    <fileset dir="${basedir}/lib">
      <patternset refid="library.patterns"/>
    </fileset>
    <pathelement location="${basedir}/lib/AppDRESTAPI-SDK_2.5.4.jar"/>
  </path>
  
  <path id="applicationips.runtime.production.module.classpath">
    <pathelement location="${applicationips.output.dir}"/>
    <fileset dir="${basedir}/lib">
      <patternset refid="library.patterns"/>
    </fileset>
    <pathelement location="${basedir}/lib/AppDRESTAPI-SDK_2.5.4.jar"/>
  </path>
  
  <path id="applicationips.module.classpath">
    <path refid="${module.jdk.classpath.applicationips}"/>
    <pathelement location="${applicationips.output.dir}"/>
    <fileset dir="${basedir}/lib">
      <patternset refid="library.patterns"/>
    </fileset>
    <pathelement location="${basedir}/lib/AppDRESTAPI-SDK_2.5.4.jar"/>
  </path>
  
  <path id="applicationips.runtime.module.classpath">
    <pathelement location="${applicationips.testoutput.dir}"/>
    <pathelement location="${applicationips.output.dir}"/>
    <fileset dir="${basedir}/lib">
      <patternset refid="library.patterns"/>
    </fileset>
    <pathelement location="${basedir}/lib/AppDRESTAPI-SDK_2.5.4.jar"/>
  </path>
  
  
  <patternset id="excluded.from.module.applicationips">
    <patternset refid="ignored.files"/>
  </patternset>
  
  <patternset id="excluded.from.compilation.applicationips">
    <patternset refid="excluded.from.module.applicationips"/>
  </patternset>
  
  <path id="applicationips.module.sourcepath">
    <dirset dir="${module.applicationips.basedir}">
      <include name="src/main/java"/>
      <include name="src/main/resources"/>
    </dirset>
  </path>
  
  <path id="applicationips.module.test.sourcepath">
    <dirset dir="${module.applicationips.basedir}">
      <include name="src/test/java"/>
    </dirset>
  </path>
  
  
  <target name="compile.module.applicationips" depends="compile.module.applicationips.production,compile.module.applicationips.tests" description="Compile module ApplicationIPs"/>
  
  <target name="compile.module.applicationips.production" depends="register.custom.compilers" description="Compile module ApplicationIPs; production classes">
    <mkdir dir="${applicationips.output.dir}"/>
    <javac2 destdir="${applicationips.output.dir}" debug="${compiler.debug}" nowarn="${compiler.generate.no.warnings}" memorymaximumsize="${compiler.max.memory}" fork="true" executable="${module.jdk.bin.applicationips}/javac">
      <compilerarg line="${compiler.args.applicationips}"/>
      <bootclasspath refid="applicationips.module.bootclasspath"/>
      <classpath refid="applicationips.module.production.classpath"/>
      <src refid="applicationips.module.sourcepath"/>
      <patternset refid="excluded.from.compilation.applicationips"/>
    </javac2>
    
    <copy todir="${applicationips.output.dir}">
      <fileset dir="${module.applicationips.basedir}/src/main/java">
        <patternset refid="compiler.resources"/>
        <type type="file"/>
      </fileset>
      <fileset dir="${module.applicationips.basedir}/src/main/resources">
        <patternset refid="compiler.resources"/>
        <type type="file"/>
      </fileset>
    </copy>
  </target>
  
  <target name="compile.module.applicationips.tests" depends="register.custom.compilers,compile.module.applicationips.production" description="compile module ApplicationIPs; test classes" unless="skip.tests">
    <mkdir dir="${applicationips.testoutput.dir}"/>
    <javac2 destdir="${applicationips.testoutput.dir}" debug="${compiler.debug}" nowarn="${compiler.generate.no.warnings}" memorymaximumsize="${compiler.max.memory}" fork="true" executable="${module.jdk.bin.applicationips}/javac">
      <compilerarg line="${compiler.args.applicationips}"/>
      <bootclasspath refid="applicationips.module.bootclasspath"/>
      <classpath refid="applicationips.module.classpath"/>
      <src refid="applicationips.module.test.sourcepath"/>
      <patternset refid="excluded.from.compilation.applicationips"/>
    </javac2>
    
    <copy todir="${applicationips.testoutput.dir}">
      <fileset dir="${module.applicationips.basedir}/src/test/java">
        <patternset refid="compiler.resources"/>
        <type type="file"/>
      </fileset>
    </copy>
  </target>
  
  <target name="clean.module.applicationips" description="cleanup module">
    <delete dir="${applicationips.output.dir}"/>
    <delete dir="${applicationips.testoutput.dir}"/>
  </target>
</project>